filename,dataset,reason
LPD (10).jpg,Mendeley,FLAG: too narrow: 396px wide
LPD (1).jpg,Mendeley,no DPI metadata
LPD (10).jpg,Mendeley,no DPI metadata
LPD (100).jpg,Mendeley,no DPI metadata
LPD (101).jpg,Mendeley,no DPI metadata
LPD (102).jpg,Mendeley,no DPI metadata
LPD (103).jpg,Mendeley,no DPI metadata
LPD (104).jpg,Mendeley,no DPI metadata
LPD (105).jpg,Mendeley,no DPI metadata
LPD (106).jpg,Mendeley,no DPI metadata
LPD (107).jpg,Mendeley,no DPI metadata
LPD (108).jpg,Mendeley,no DPI metadata
LPD (109).jpg,Mendeley,no DPI metadata
LPD (11).jpg,Mendeley,no DPI metadata
LPD (110).jpg,Mendeley,no DPI metadata
LPD (111).jpg,Mendeley,no DPI metadata
LPD (112).jpg,Mendeley,no DPI metadata
LPD (113).jpg,Mendeley,no DPI metadata
LPD (114).jpg,Mendeley,no DPI metadata
LPD (115).jpg,Mendeley,no DPI metadata
LPD (116).jpg,Mendeley,no DPI metadata
LPD (117).jpg,Mendeley,no DPI metadata
LPD (118).jpg,Mendeley,no DPI metadata
LPD (119).jpg,Mendeley,no DPI metadata
LPD (12).jpg,Mendeley,no DPI metadata
LPD (120).jpg,Mendeley,no DPI metadata
LPD (121).jpg,Mendeley,no DPI metadata
LPD (122).jpg,Mendeley,no DPI metadata
LPD (123).jpg,Mendeley,no DPI metadata
LPD (124).jpg,Mendeley,no DPI metadata
LPD (125).jpg,Mendeley,no DPI metadata
LPD (126).jpg,Mendeley,no DPI metadata
LPD (127).jpg,Mendeley,no DPI metadata
LPD (128).jpg,Mendeley,no DPI metadata
LPD (129).jpg,Mendeley,no DPI metadata
LPD (13).jpg,Mendeley,no DPI metadata
LPD (130).jpg,Mendeley,no DPI metadata
LPD (131).jpg,Mendeley,no DPI metadata
LPD (132).jpg,Mendeley,no DPI metadata
LPD (133).jpg,Mendeley,no DPI metadata
LPD (134).jpg,Mendeley,no DPI metadata
LPD (135).jpg,Mendeley,no DPI metadata
LPD (14).jpg,Mendeley,no DPI metadata
LPD (15).jpg,Mendeley,no DPI metadata
LPD (16).jpg,Mendeley,no DPI metadata
LPD (17).jpg,Mendeley,no DPI metadata
LPD (18).jpg,Mendeley,no DPI metadata
LPD (19).jpg,Mendeley,no DPI metadata
LPD (2).jpg,Mendeley,no DPI metadata
LPD (20).jpg,Mendeley,no DPI metadata
LPD (21).jpg,Mendeley,no DPI metadata
LPD (22).jpg,Mendeley,no DPI metadata
LPD (23).jpg,Mendeley,no DPI metadata
LPD (24).jpg,Mendeley,no DPI metadata
LPD (25).jpg,Mendeley,no DPI metadata
LPD (26).jpg,Mendeley,no DPI metadata
LPD (27).jpg,Mendeley,no DPI metadata
LPD (28).jpg,Mendeley,no DPI metadata
LPD (29).jpg,Mendeley,no DPI metadata
LPD (3).jpg,Mendeley,no DPI metadata
LPD (30).jpg,Mendeley,no DPI metadata
LPD (31).jpg,Mendeley,no DPI metadata
LPD (32).jpg,Mendeley,no DPI metadata
LPD (33).jpg,Mendeley,no DPI metadata
LPD (34).jpg,Mendeley,no DPI metadata
LPD (35).jpg,Mendeley,no DPI metadata
LPD (36).jpg,Mendeley,no DPI metadata
LPD (37).jpg,Mendeley,no DPI metadata
LPD (38).jpg,Mendeley,no DPI metadata
LPD (39).jpg,Mendeley,no DPI metadata
LPD (4).jpg,Mendeley,no DPI metadata
LPD (40).jpg,Mendeley,no DPI metadata
LPD (41).jpg,Mendeley,no DPI metadata
LPD (42).jpg,Mendeley,no DPI metadata
LPD (43).jpg,Mendeley,no DPI metadata
LPD (44).jpg,Mendeley,no DPI metadata
LPD (45).jpg,Mendeley,no DPI metadata
LPD (46).jpg,Mendeley,no DPI metadata
LPD (47).jpg,Mendeley,no DPI metadata
LPD (48).jpg,Mendeley,no DPI metadata
LPD (49).jpg,Mendeley,no DPI metadata
LPD (5).jpg,Mendeley,no DPI metadata
LPD (50).jpg,Mendeley,no DPI metadata
LPD (51).jpg,Mendeley,no DPI metadata
LPD (52).jpg,Mendeley,no DPI metadata
LPD (53).jpg,Mendeley,no DPI metadata
LPD (54).jpg,Mendeley,no DPI metadata
LPD (55).jpg,Mendeley,no DPI metadata
LPD (56).jpg,Mendeley,no DPI metadata
LPD (57).jpg,Mendeley,no DPI metadata
LPD (58).jpg,Mendeley,no DPI metadata
LPD (59).jpg,Mendeley,no DPI metadata
LPD (6).jpg,Mendeley,no DPI metadata
LPD (60).jpg,Mendeley,no DPI metadata
LPD (61).jpg,Mendeley,no DPI metadata
LPD (62).jpg,Mendeley,no DPI metadata
LPD (63).jpg,Mendeley,no DPI metadata
LPD (64).jpg,Mendeley,no DPI metadata
LPD (65).jpg,Mendeley,no DPI metadata
LPD (66).jpg,Mendeley,no DPI metadata
LPD (67).jpg,Mendeley,no DPI metadata
LPD (68).jpg,Mendeley,no DPI metadata
LPD (69).jpg,Mendeley,no DPI metadata
LPD (7).jpg,Mendeley,no DPI metadata
LPD (70).jpg,Mendeley,no DPI metadata
LPD (71).jpg,Mendeley,no DPI metadata
LPD (72).jpg,Mendeley,no DPI metadata
LPD (73).jpg,Mendeley,no DPI metadata
LPD (74).jpg,Mendeley,no DPI metadata
LPD (75).jpg,Mendeley,no DPI metadata
LPD (76).jpg,Mendeley,no DPI metadata
LPD (77).jpg,Mendeley,no DPI metadata
LPD (78).jpg,Mendeley,no DPI metadata
LPD (79).jpg,Mendeley,no DPI metadata
LPD (8).jpg,Mendeley,no DPI metadata
LPD (80).jpg,Mendeley,no DPI metadata
LPD (81).jpg,Mendeley,no DPI metadata
LPD (82).jpg,Mendeley,no DPI metadata
LPD (83).jpg,Mendeley,no DPI metadata
LPD (84).jpg,Mendeley,no DPI metadata
LPD (85).jpg,Mendeley,no DPI metadata
LPD (86).jpg,Mendeley,no DPI metadata
LPD (87).jpg,Mendeley,no DPI metadata
LPD (88).jpg,Mendeley,no DPI metadata
LPD (89).jpg,Mendeley,no DPI metadata
LPD (9).jpg,Mendeley,no DPI metadata
LPD (90).jpg,Mendeley,no DPI metadata
LPD (91).jpg,Mendeley,no DPI metadata
LPD (92).jpg,Mendeley,no DPI metadata
LPD (93).jpg,Mendeley,no DPI metadata
LPD (94).jpg,Mendeley,no DPI metadata
LPD (95).jpg,Mendeley,no DPI metadata
LPD (96).jpg,Mendeley,no DPI metadata
LPD (97).jpg,Mendeley,no DPI metadata
LPD (98).jpg,Mendeley,no DPI metadata
LPD (99).jpg,Mendeley,no DPI metadata
PD (1).jpg,Mendeley,no DPI metadata
PD (10).jpg,Mendeley,no DPI metadata
PD (100).jpg,Mendeley,no DPI metadata
PD (101).jpg,Mendeley,no DPI metadata
PD (102).jpg,Mendeley,no DPI metadata
PD (103).jpg,Mendeley,no DPI metadata
PD (104).jpg,Mendeley,no DPI metadata
PD (105).jpg,Mendeley,no DPI metadata
PD (106).jpg,Mendeley,no DPI metadata
PD (107).jpg,Mendeley,no DPI metadata
PD (108).jpg,Mendeley,no DPI metadata
PD (109).jpg,Mendeley,no DPI metadata
PD (11).jpg,Mendeley,no DPI metadata
PD (110).jpg,Mendeley,no DPI metadata
PD (111).jpg,Mendeley,no DPI metadata
PD (112).jpg,Mendeley,no DPI metadata
PD (113).jpg,Mendeley,no DPI metadata
PD (114).jpg,Mendeley,no DPI metadata
PD (12).jpg,Mendeley,no DPI metadata
PD (13).jpg,Mendeley,no DPI metadata
PD (14).jpg,Mendeley,no DPI metadata
PD (15).jpg,Mendeley,no DPI metadata
PD (16).jpg,Mendeley,no DPI metadata
PD (17).jpg,Mendeley,no DPI metadata
PD (18).jpg,Mendeley,no DPI metadata
PD (19).jpg,Mendeley,no DPI metadata
PD (2).jpg,Mendeley,no DPI metadata
PD (20).jpg,Mendeley,no DPI metadata
PD (21).jpg,Mendeley,no DPI metadata
PD (22).jpg,Mendeley,no DPI metadata
PD (23).jpg,Mendeley,no DPI metadata
PD (24).jpg,Mendeley,no DPI metadata
PD (25).jpg,Mendeley,no DPI metadata
PD (26).jpg,Mendeley,no DPI metadata
PD (27).jpg,Mendeley,no DPI metadata
PD (28).jpg,Mendeley,no DPI metadata
PD (29).jpg,Mendeley,no DPI metadata
PD (3).jpg,Mendeley,no DPI metadata
PD (30).jpg,Mendeley,no DPI metadata
PD (31).jpg,Mendeley,no DPI metadata
PD (32).jpg,Mendeley,no DPI metadata
PD (33).jpg,Mendeley,no DPI metadata
PD (34).jpg,Mendeley,no DPI metadata
PD (35).jpg,Mendeley,no DPI metadata
PD (36).jpg,Mendeley,no DPI metadata
PD (37).jpg,Mendeley,no DPI metadata
PD (38).jpg,Mendeley,no DPI metadata
PD (39).jpg,Mendeley,no DPI metadata
PD (4).jpg,Mendeley,no DPI metadata
PD (40).jpg,Mendeley,no DPI metadata
PD (41).jpg,Mendeley,no DPI metadata
PD (42).jpg,Mendeley,no DPI metadata
PD (43).jpg,Mendeley,no DPI metadata
PD (44).jpg,Mendeley,no DPI metadata
PD (45).jpg,Mendeley,no DPI metadata
PD (46).jpg,Mendeley,no DPI metadata
PD (47).jpg,Mendeley,no DPI metadata
PD (48).jpg,Mendeley,no DPI metadata
PD (49).jpg,Mendeley,no DPI metadata
PD (5).jpg,Mendeley,no DPI metadata
PD (50).jpg,Mendeley,no DPI metadata
PD (51).jpg,Mendeley,no DPI metadata
PD (52).jpg,Mendeley,no DPI metadata
PD (53).jpg,Mendeley,no DPI metadata
PD (54).jpg,Mendeley,no DPI metadata
PD (55).jpg,Mendeley,no DPI metadata
PD (56).jpg,Mendeley,no DPI metadata
PD (57).jpg,Mendeley,no DPI metadata
PD (58).jpg,Mendeley,no DPI metadata
PD (59).jpg,Mendeley,no DPI metadata
PD (6).jpg,Mendeley,no DPI metadata
PD (60).jpg,Mendeley,no DPI metadata
PD (61).jpg,Mendeley,no DPI metadata
PD (62).jpg,Mendeley,no DPI metadata
PD (63).jpg,Mendeley,no DPI metadata
PD (64).jpg,Mendeley,no DPI metadata
PD (65).jpg,Mendeley,no DPI metadata
PD (66).jpg,Mendeley,no DPI metadata
PD (67).jpg,Mendeley,no DPI metadata
PD (68).jpg,Mendeley,no DPI metadata
PD (69).jpg,Mendeley,no DPI metadata
PD (7).jpg,Mendeley,no DPI metadata
PD (70).jpg,Mendeley,no DPI metadata
PD (71).jpg,Mendeley,no DPI metadata
PD (72).jpg,Mendeley,no DPI metadata
PD (73).jpg,Mendeley,no DPI metadata
PD (74).jpg,Mendeley,no DPI metadata
PD (75).jpg,Mendeley,no DPI metadata
PD (76).jpg,Mendeley,no DPI metadata
PD (77).jpg,Mendeley,no DPI metadata
PD (78).jpg,Mendeley,no DPI metadata
PD (79).jpg,Mendeley,no DPI metadata
PD (8).jpg,Mendeley,no DPI metadata
PD (80).jpg,Mendeley,no DPI metadata
PD (81).jpg,Mendeley,no DPI metadata
PD (82).jpg,Mendeley,no DPI metadata
PD (83).jpg,Mendeley,no DPI metadata
PD (84).jpg,Mendeley,no DPI metadata
PD (85).jpg,Mendeley,no DPI metadata
PD (86).jpg,Mendeley,no DPI metadata
PD (87).jpg,Mendeley,no DPI metadata
PD (88).jpg,Mendeley,no DPI metadata
PD (89).jpg,Mendeley,no DPI metadata
PD (9).jpg,Mendeley,no DPI metadata
PD (90).jpg,Mendeley,no DPI metadata
PD (91).jpg,Mendeley,no DPI metadata
PD (92).jpg,Mendeley,no DPI metadata
PD (93).jpg,Mendeley,no DPI metadata
PD (94).jpg,Mendeley,no DPI metadata
PD (95).jpg,Mendeley,no DPI metadata
PD (96).jpg,Mendeley,no DPI metadata
PD (97).jpg,Mendeley,no DPI metadata
PD (98).jpg,Mendeley,no DPI metadata
PD (99).jpg,Mendeley,no DPI metadata
LPD (69).jpg,Mendeley,possibly shadowed or too dark
LPD (107).jpg,Mendeley,possibly shadowed or too dark
LPD (41).jpg,Mendeley,possibly shadowed or too dark
LPD (44).jpg,Mendeley,possibly shadowed or too dark
LPD (22).jpg,Mendeley,possibly shadowed or too dark
LPD (104).jpg,Mendeley,possibly shadowed or too dark
LPD (106).jpg,Mendeley,possibly shadowed or too dark
LPD (72).jpg,Mendeley,possibly shadowed or too dark
corrected_001.jpg,Kaggle,low DPI: 72
corrected_002.jpg,Kaggle,low DPI: 72
corrected_003.jpg,Kaggle,low DPI: 72
corrected_004.jpg,Kaggle,low DPI: 72
corrected_005.jpg,Kaggle,low DPI: 72
corrected_006.jpg,Kaggle,low DPI: 72
corrected_007.jpg,Kaggle,low DPI: 72
corrected_008.jpg,Kaggle,low DPI: 72
corrected_009.jpg,Kaggle,low DPI: 72
corrected_010.jpg,Kaggle,low DPI: 72
corrected_011.jpg,Kaggle,low DPI: 72
corrected_012.jpg,Kaggle,low DPI: 72
corrected_013.jpg,Kaggle,low DPI: 72
corrected_014.jpg,Kaggle,low DPI: 72
corrected_015.jpg,Kaggle,low DPI: 72
corrected_016.jpg,Kaggle,low DPI: 72
corrected_017.jpg,Kaggle,low DPI: 72
corrected_018.jpg,Kaggle,low DPI: 72
corrected_019.jpg,Kaggle,low DPI: 72
corrected_020.jpg,Kaggle,low DPI: 72
corrected_021.jpg,Kaggle,low DPI: 72
corrected_022.jpg,Kaggle,low DPI: 72
corrected_023.jpg,Kaggle,low DPI: 72
corrected_024.jpg,Kaggle,low DPI: 72
corrected_025.jpg,Kaggle,low DPI: 72
corrected_026.jpg,Kaggle,low DPI: 72
corrected_027.jpg,Kaggle,low DPI: 72
corrected_028.jpg,Kaggle,low DPI: 72
corrected_029.jpg,Kaggle,low DPI: 72
corrected_030.jpg,Kaggle,low DPI: 72
corrected_031.jpg,Kaggle,low DPI: 72
corrected_032.jpg,Kaggle,low DPI: 72
corrected_033.jpg,Kaggle,low DPI: 72
corrected_034.jpg,Kaggle,low DPI: 72
corrected_035.jpg,Kaggle,low DPI: 72
corrected_036.jpg,Kaggle,low DPI: 72
corrected_037.jpg,Kaggle,low DPI: 72
corrected_038.jpg,Kaggle,low DPI: 72
corrected_039.jpg,Kaggle,low DPI: 72
corrected_040.jpg,Kaggle,low DPI: 72
corrected_041.jpg,Kaggle,low DPI: 72
corrected_042.jpg,Kaggle,low DPI: 72
corrected_043.jpg,Kaggle,low DPI: 72
corrected_044.jpg,Kaggle,low DPI: 72
corrected_045.jpg,Kaggle,low DPI: 72
corrected_046.jpg,Kaggle,low DPI: 72
corrected_047.jpg,Kaggle,low DPI: 72
corrected_048.jpg,Kaggle,low DPI: 72
corrected_049.jpg,Kaggle,low DPI: 72
corrected_050.jpg,Kaggle,low DPI: 72
corrected_051.jpg,Kaggle,low DPI: 72
corrected_052.jpg,Kaggle,low DPI: 72
corrected_053.jpg,Kaggle,low DPI: 72
corrected_054.jpg,Kaggle,low DPI: 72
corrected_055.jpg,Kaggle,low DPI: 72
corrected_056.jpg,Kaggle,low DPI: 72
corrected_057.jpg,Kaggle,low DPI: 72
corrected_058.jpg,Kaggle,low DPI: 72
corrected_059.jpg,Kaggle,low DPI: 72
corrected_060.jpg,Kaggle,low DPI: 72
corrected_061.jpg,Kaggle,low DPI: 72
corrected_062.jpg,Kaggle,low DPI: 72
corrected_063.jpg,Kaggle,low DPI: 72
corrected_064.jpg,Kaggle,low DPI: 72
corrected_065.jpg,Kaggle,low DPI: 72
corrected_066.jpg,Kaggle,low DPI: 72
corrected_067.jpg,Kaggle,low DPI: 72
corrected_068.jpg,Kaggle,low DPI: 72
corrected_069.jpg,Kaggle,low DPI: 72
corrected_070.jpg,Kaggle,low DPI: 72
corrected_071.jpg,Kaggle,low DPI: 72
corrected_072.jpg,Kaggle,low DPI: 72
corrected_073.jpg,Kaggle,low DPI: 72
corrected_074.jpg,Kaggle,low DPI: 72
corrected_075.jpg,Kaggle,low DPI: 72
corrected_076.jpg,Kaggle,low DPI: 72
corrected_077.jpg,Kaggle,low DPI: 72
corrected_078.jpg,Kaggle,low DPI: 72
corrected_079.jpg,Kaggle,low DPI: 72
corrected_080.jpg,Kaggle,low DPI: 72
corrected_081.jpg,Kaggle,low DPI: 72
corrected_082.jpg,Kaggle,low DPI: 72
corrected_083.jpg,Kaggle,low DPI: 72
corrected_084.jpg,Kaggle,low DPI: 72
corrected_085.jpg,Kaggle,low DPI: 72
corrected_086.jpg,Kaggle,low DPI: 72
corrected_087.jpg,Kaggle,low DPI: 72
corrected_088.jpg,Kaggle,low DPI: 72
corrected_089.jpg,Kaggle,low DPI: 72
corrected_090.jpg,Kaggle,low DPI: 72
corrected_091.jpg,Kaggle,low DPI: 72
corrected_092.jpg,Kaggle,low DPI: 72
corrected_093.jpg,Kaggle,low DPI: 72
corrected_094.jpg,Kaggle,low DPI: 72
corrected_095.jpg,Kaggle,low DPI: 72
corrected_096.jpg,Kaggle,low DPI: 72
corrected_097.jpg,Kaggle,low DPI: 72
corrected_098.jpg,Kaggle,low DPI: 72
corrected_099.jpg,Kaggle,low DPI: 72
corrected_100.jpg,Kaggle,low DPI: 72
corrected_101.jpg,Kaggle,low DPI: 72
corrected_102.jpg,Kaggle,low DPI: 72
corrected_103.jpg,Kaggle,low DPI: 72
corrected_104.jpg,Kaggle,low DPI: 72
corrected_105.jpg,Kaggle,low DPI: 72
corrected_106.jpg,Kaggle,low DPI: 72
corrected_107.jpg,Kaggle,low DPI: 72
corrected_108.jpg,Kaggle,low DPI: 72
corrected_109.jpg,Kaggle,low DPI: 72
corrected_110.jpg,Kaggle,low DPI: 72
corrected_111.jpg,Kaggle,low DPI: 72
corrected_112.jpg,Kaggle,low DPI: 72
corrected_113.jpg,Kaggle,low DPI: 72
corrected_114.jpg,Kaggle,low DPI: 72
corrected_115.jpg,Kaggle,low DPI: 72
corrected_116.jpg,Kaggle,low DPI: 72
corrected_117.jpg,Kaggle,low DPI: 72
corrected_118.jpg,Kaggle,low DPI: 72
corrected_119.jpg,Kaggle,low DPI: 72
corrected_120.jpg,Kaggle,low DPI: 72
corrected_121.jpg,Kaggle,low DPI: 72
corrected_122.jpg,Kaggle,low DPI: 72
corrected_123.jpg,Kaggle,low DPI: 72
corrected_124.jpg,Kaggle,low DPI: 72
corrected_125.jpg,Kaggle,low DPI: 72
corrected_126.jpg,Kaggle,low DPI: 72
corrected_127.jpg,Kaggle,low DPI: 72
corrected_128.jpg,Kaggle,low DPI: 72
corrected_129.jpg,Kaggle,low DPI: 72
corrected_130.jpg,Kaggle,low DPI: 72
corrected_131.jpg,Kaggle,low DPI: 72
corrected_132.jpg,Kaggle,low DPI: 72
corrected_133.jpg,Kaggle,low DPI: 72
corrected_134.jpg,Kaggle,low DPI: 72
corrected_135.jpg,Kaggle,low DPI: 72
corrected_136.jpg,Kaggle,low DPI: 72
corrected_137.jpg,Kaggle,low DPI: 72
corrected_138.jpg,Kaggle,low DPI: 72
corrected_139.jpg,Kaggle,low DPI: 72
corrected_140.jpg,Kaggle,low DPI: 72
corrected_141.jpg,Kaggle,low DPI: 72
corrected_142.jpg,Kaggle,low DPI: 72
corrected_143.jpg,Kaggle,low DPI: 72
corrected_144.jpg,Kaggle,low DPI: 72
corrected_145.jpg,Kaggle,low DPI: 72
corrected_146.jpg,Kaggle,low DPI: 72
corrected_147.jpg,Kaggle,low DPI: 72
corrected_148.jpg,Kaggle,low DPI: 72
corrected_149.jpg,Kaggle,low DPI: 72
corrected_150.jpg,Kaggle,low DPI: 72
corrected_151.jpg,Kaggle,low DPI: 72
corrected_152.jpg,Kaggle,low DPI: 72
corrected_153.jpg,Kaggle,low DPI: 72
corrected_154.jpg,Kaggle,low DPI: 72
corrected_155.jpg,Kaggle,low DPI: 72
corrected_156.jpg,Kaggle,low DPI: 72
corrected_157.jpg,Kaggle,low DPI: 72
corrected_158.jpg,Kaggle,low DPI: 72
corrected_159.jpg,Kaggle,low DPI: 72
corrected_160.jpg,Kaggle,low DPI: 72
corrected_161.jpg,Kaggle,low DPI: 72
corrected_162.jpg,Kaggle,low DPI: 72
corrected_163.jpg,Kaggle,low DPI: 72
corrected_164.jpg,Kaggle,low DPI: 72
corrected_165.jpg,Kaggle,low DPI: 72
corrected_166.jpg,Kaggle,low DPI: 72
corrected_167.jpg,Kaggle,low DPI: 72
corrected_168.jpg,Kaggle,low DPI: 72
corrected_169.jpg,Kaggle,low DPI: 72
corrected_170.jpg,Kaggle,low DPI: 72
corrected_171.jpg,Kaggle,low DPI: 72
corrected_172.jpg,Kaggle,low DPI: 72
corrected_173.jpg,Kaggle,low DPI: 72
corrected_174.jpg,Kaggle,low DPI: 72
corrected_175.jpg,Kaggle,low DPI: 72
corrected_176.jpg,Kaggle,low DPI: 72
corrected_177.jpg,Kaggle,low DPI: 72
corrected_178.jpg,Kaggle,low DPI: 72
corrected_179.jpg,Kaggle,low DPI: 72
corrected_180.jpg,Kaggle,low DPI: 72
corrected_181.jpg,Kaggle,low DPI: 72
corrected_182.jpg,Kaggle,low DPI: 72
corrected_183.jpg,Kaggle,low DPI: 72
corrected_184.jpg,Kaggle,low DPI: 72
corrected_185.jpg,Kaggle,low DPI: 72
corrected_186.jpg,Kaggle,low DPI: 72
corrected_187.jpg,Kaggle,low DPI: 72
corrected_188.jpg,Kaggle,low DPI: 72
corrected_189.jpg,Kaggle,low DPI: 72
corrected_190.jpg,Kaggle,low DPI: 72
corrected_191.jpg,Kaggle,low DPI: 72
corrected_192.jpg,Kaggle,low DPI: 72
corrected_193.jpg,Kaggle,low DPI: 72
corrected_194.jpg,Kaggle,low DPI: 72
corrected_195.jpg,Kaggle,low DPI: 72
corrected_196.jpg,Kaggle,low DPI: 72
corrected_197.jpg,Kaggle,low DPI: 72
corrected_198.jpg,Kaggle,low DPI: 72
corrected_199.jpg,Kaggle,low DPI: 72
corrected_200.jpg,Kaggle,low DPI: 72
corrected_201.jpg,Kaggle,low DPI: 72
corrected_202.jpg,Kaggle,low DPI: 72
corrected_203.jpg,Kaggle,low DPI: 72
corrected_204.jpg,Kaggle,low DPI: 72
corrected_205.jpg,Kaggle,low DPI: 72
corrected_206.jpg,Kaggle,low DPI: 72
corrected_207.jpg,Kaggle,low DPI: 72
corrected_208.jpg,Kaggle,low DPI: 72
corrected_209.jpg,Kaggle,low DPI: 72
corrected_210.jpg,Kaggle,low DPI: 72
corrected_211.jpg,Kaggle,low DPI: 72
corrected_212.jpg,Kaggle,low DPI: 72
corrected_213.jpg,Kaggle,low DPI: 72
corrected_214.jpg,Kaggle,low DPI: 72
corrected_215.jpg,Kaggle,low DPI: 72
corrected_216.jpg,Kaggle,low DPI: 72
corrected_217.jpg,Kaggle,low DPI: 72
corrected_218.jpg,Kaggle,low DPI: 72
corrected_219.jpg,Kaggle,low DPI: 72
corrected_220.jpg,Kaggle,low DPI: 72
corrected_221.jpg,Kaggle,low DPI: 72
corrected_222.jpg,Kaggle,low DPI: 72
corrected_223.jpg,Kaggle,low DPI: 72
corrected_224.jpg,Kaggle,low DPI: 72
corrected_225.jpg,Kaggle,low DPI: 72
corrected_226.jpg,Kaggle,low DPI: 72
corrected_227.jpg,Kaggle,low DPI: 72
corrected_228.jpg,Kaggle,low DPI: 72
corrected_229.jpg,Kaggle,low DPI: 72
corrected_230.jpg,Kaggle,low DPI: 72
corrected_231.jpg,Kaggle,low DPI: 72
corrected_232.jpg,Kaggle,low DPI: 72
corrected_233.jpg,Kaggle,low DPI: 72
corrected_234.jpg,Kaggle,low DPI: 72
corrected_235.jpg,Kaggle,low DPI: 72
corrected_236.jpg,Kaggle,low DPI: 72
corrected_237.jpg,Kaggle,low DPI: 72
corrected_238.jpg,Kaggle,low DPI: 72
corrected_239.jpg,Kaggle,low DPI: 72
corrected_240.jpg,Kaggle,low DPI: 72
corrected_241.jpg,Kaggle,low DPI: 72
corrected_242.jpg,Kaggle,low DPI: 72
corrected_243.jpg,Kaggle,low DPI: 72
corrected_244.jpg,Kaggle,low DPI: 72
corrected_245.jpg,Kaggle,low DPI: 72
corrected_246.jpg,Kaggle,low DPI: 72
corrected_247.jpg,Kaggle,low DPI: 72
corrected_248.jpg,Kaggle,low DPI: 72
corrected_249.jpg,Kaggle,low DPI: 72
corrected_250.jpg,Kaggle,low DPI: 72
corrected_251.jpg,Kaggle,low DPI: 72
corrected_252.jpg,Kaggle,low DPI: 72
corrected_253.jpg,Kaggle,low DPI: 72
corrected_254.jpg,Kaggle,low DPI: 72
corrected_255.jpg,Kaggle,low DPI: 72
corrected_256.jpg,Kaggle,low DPI: 72
corrected_257.jpg,Kaggle,low DPI: 72
corrected_258.jpg,Kaggle,low DPI: 72
corrected_259.jpg,Kaggle,low DPI: 72
corrected_260.jpg,Kaggle,low DPI: 72
corrected_261.jpg,Kaggle,low DPI: 72
corrected_262.jpg,Kaggle,low DPI: 72
corrected_263.jpg,Kaggle,low DPI: 72
corrected_264.jpg,Kaggle,low DPI: 72
corrected_265.jpg,Kaggle,low DPI: 72
corrected_266.jpg,Kaggle,low DPI: 72
corrected_267.jpg,Kaggle,low DPI: 72
corrected_268.jpg,Kaggle,low DPI: 72
corrected_269.jpg,Kaggle,low DPI: 72
corrected_270.jpg,Kaggle,low DPI: 72
corrected_271.jpg,Kaggle,low DPI: 72
corrected_272.jpg,Kaggle,low DPI: 72
corrected_273.jpg,Kaggle,low DPI: 72
corrected_274.jpg,Kaggle,low DPI: 72
corrected_275.jpg,Kaggle,low DPI: 72
corrected_276.jpg,Kaggle,low DPI: 72
corrected_277.jpg,Kaggle,low DPI: 72
corrected_278.jpg,Kaggle,low DPI: 72
corrected_279.jpg,Kaggle,low DPI: 72
corrected_280.jpg,Kaggle,low DPI: 72
corrected_281.jpg,Kaggle,low DPI: 72
corrected_282.jpg,Kaggle,low DPI: 72
corrected_283.jpg,Kaggle,low DPI: 72
corrected_284.jpg,Kaggle,low DPI: 72
corrected_285.jpg,Kaggle,low DPI: 72
corrected_286.jpg,Kaggle,low DPI: 72
corrected_287.jpg,Kaggle,low DPI: 72
corrected_288.jpg,Kaggle,low DPI: 72
corrected_289.jpg,Kaggle,low DPI: 72
corrected_290.jpg,Kaggle,low DPI: 72
corrected_291.jpg,Kaggle,low DPI: 72
corrected_292.jpg,Kaggle,low DPI: 72
corrected_293.jpg,Kaggle,low DPI: 72
corrected_294.jpg,Kaggle,low DPI: 72
corrected_295.jpg,Kaggle,low DPI: 72
corrected_296.jpg,Kaggle,low DPI: 72
corrected_297.jpg,Kaggle,low DPI: 72
corrected_298.jpg,Kaggle,low DPI: 72
corrected_299.jpg,Kaggle,low DPI: 72
corrected_300.jpg,Kaggle,low DPI: 72
corrected_301.jpg,Kaggle,low DPI: 72
corrected_302.jpg,Kaggle,low DPI: 72
corrected_303.jpg,Kaggle,low DPI: 72
corrected_304.jpg,Kaggle,low DPI: 72
corrected_305.jpg,Kaggle,low DPI: 72
corrected_306.jpg,Kaggle,low DPI: 72
corrected_307.jpg,Kaggle,low DPI: 72
corrected_308.jpg,Kaggle,low DPI: 72
corrected_309.jpg,Kaggle,low DPI: 72
corrected_310.jpg,Kaggle,low DPI: 72
corrected_311.jpg,Kaggle,low DPI: 72
corrected_312.jpg,Kaggle,low DPI: 72
corrected_313.jpg,Kaggle,low DPI: 72
corrected_314.jpg,Kaggle,low DPI: 72
corrected_315.jpg,Kaggle,low DPI: 72
corrected_316.jpg,Kaggle,low DPI: 72
corrected_317.jpg,Kaggle,low DPI: 72
corrected_318.jpg,Kaggle,low DPI: 72
corrected_319.jpg,Kaggle,low DPI: 72
corrected_320.jpg,Kaggle,low DPI: 72
corrected_321.jpg,Kaggle,low DPI: 72
corrected_322.jpg,Kaggle,low DPI: 72
corrected_323.jpg,Kaggle,low DPI: 72
corrected_324.jpg,Kaggle,low DPI: 72
corrected_325.jpg,Kaggle,low DPI: 72
corrected_326.jpg,Kaggle,low DPI: 72
corrected_327.jpg,Kaggle,low DPI: 72
corrected_328.jpg,Kaggle,low DPI: 72
corrected_329.jpg,Kaggle,low DPI: 72
corrected_330.jpg,Kaggle,low DPI: 72
corrected_331.jpg,Kaggle,low DPI: 72
corrected_332.jpg,Kaggle,low DPI: 72
corrected_333.jpg,Kaggle,low DPI: 72
corrected_334.jpg,Kaggle,low DPI: 72
corrected_335.jpg,Kaggle,low DPI: 72
corrected_336.jpg,Kaggle,low DPI: 72
corrected_337.jpg,Kaggle,low DPI: 72
corrected_338.jpg,Kaggle,low DPI: 72
corrected_339.jpg,Kaggle,low DPI: 72
corrected_340.jpg,Kaggle,low DPI: 72
corrected_341.jpg,Kaggle,low DPI: 72
corrected_342.jpg,Kaggle,low DPI: 72
corrected_343.jpg,Kaggle,low DPI: 72
corrected_344.jpg,Kaggle,low DPI: 72
corrected_345.jpg,Kaggle,low DPI: 72
corrected_346.jpg,Kaggle,low DPI: 72
corrected_347.jpg,Kaggle,low DPI: 72
corrected_348.jpg,Kaggle,low DPI: 72
corrected_349.jpg,Kaggle,low DPI: 72
corrected_350.jpg,Kaggle,low DPI: 72
corrected_351.jpg,Kaggle,low DPI: 72
corrected_352.jpg,Kaggle,low DPI: 72
corrected_353.jpg,Kaggle,low DPI: 72
corrected_354.jpg,Kaggle,low DPI: 72
corrected_355.jpg,Kaggle,low DPI: 72
corrected_356.jpg,Kaggle,low DPI: 72
corrected_357.jpg,Kaggle,low DPI: 72
corrected_358.jpg,Kaggle,low DPI: 72
corrected_359.jpg,Kaggle,low DPI: 72
corrected_360.jpg,Kaggle,low DPI: 72
corrected_361.jpg,Kaggle,low DPI: 72
corrected_362.jpg,Kaggle,low DPI: 72
corrected_363.jpg,Kaggle,low DPI: 72
corrected_364.jpg,Kaggle,low DPI: 72
corrected_365.jpg,Kaggle,low DPI: 72
corrected_366.jpg,Kaggle,low DPI: 72
corrected_367.jpg,Kaggle,low DPI: 72
corrected_368.jpg,Kaggle,low DPI: 72
corrected_369.jpg,Kaggle,low DPI: 72
corrected_370.jpg,Kaggle,low DPI: 72
corrected_371.jpg,Kaggle,low DPI: 72
corrected_372.jpg,Kaggle,low DPI: 72
corrected_373.jpg,Kaggle,low DPI: 72
corrected_374.jpg,Kaggle,low DPI: 72
corrected_375.jpg,Kaggle,low DPI: 72
corrected_376.jpg,Kaggle,low DPI: 72
corrected_377.jpg,Kaggle,low DPI: 72
corrected_378.jpg,Kaggle,low DPI: 72
corrected_379.jpg,Kaggle,low DPI: 72
corrected_380.jpg,Kaggle,low DPI: 72
corrected_381.jpg,Kaggle,low DPI: 72
corrected_382.jpg,Kaggle,low DPI: 72
corrected_383.jpg,Kaggle,low DPI: 72
corrected_384.jpg,Kaggle,low DPI: 72
corrected_385.jpg,Kaggle,low DPI: 72
corrected_386.jpg,Kaggle,low DPI: 72
corrected_387.jpg,Kaggle,low DPI: 72
corrected_388.jpg,Kaggle,low DPI: 72
corrected_389.jpg,Kaggle,low DPI: 72
corrected_390.jpg,Kaggle,low DPI: 72
corrected_391.jpg,Kaggle,low DPI: 72
corrected_392.jpg,Kaggle,low DPI: 72
corrected_393.jpg,Kaggle,low DPI: 72
corrected_394.jpg,Kaggle,low DPI: 72
corrected_395.jpg,Kaggle,low DPI: 72
corrected_396.jpg,Kaggle,low DPI: 72
corrected_397.jpg,Kaggle,low DPI: 72
corrected_398.jpg,Kaggle,low DPI: 72
corrected_399.jpg,Kaggle,low DPI: 72
corrected_400.jpg,Kaggle,low DPI: 72
corrected_401.jpg,Kaggle,low DPI: 72
corrected_402.jpg,Kaggle,low DPI: 72
corrected_403.jpg,Kaggle,low DPI: 72
corrected_404.jpg,Kaggle,low DPI: 72
corrected_405.jpg,Kaggle,low DPI: 72
corrected_406.jpg,Kaggle,low DPI: 72
corrected_407.jpg,Kaggle,low DPI: 72
corrected_408.jpg,Kaggle,low DPI: 72
corrected_409.jpg,Kaggle,low DPI: 72
corrected_410.jpg,Kaggle,low DPI: 72
corrected_411.jpg,Kaggle,low DPI: 72
corrected_412.jpg,Kaggle,low DPI: 72
corrected_413.jpg,Kaggle,low DPI: 72
corrected_414.jpg,Kaggle,low DPI: 72
corrected_415.jpg,Kaggle,low DPI: 72
corrected_416.jpg,Kaggle,low DPI: 72
corrected_417.jpg,Kaggle,low DPI: 72
corrected_418.jpg,Kaggle,low DPI: 72
corrected_419.jpg,Kaggle,low DPI: 72
corrected_420.jpg,Kaggle,low DPI: 72
corrected_421.jpg,Kaggle,low DPI: 72
corrected_422.jpg,Kaggle,low DPI: 72
corrected_423.jpg,Kaggle,low DPI: 72
corrected_424.jpg,Kaggle,low DPI: 72
corrected_425.jpg,Kaggle,low DPI: 72
corrected_426.jpg,Kaggle,low DPI: 72
corrected_427.jpg,Kaggle,low DPI: 72
corrected_428.jpg,Kaggle,low DPI: 72
corrected_429.jpg,Kaggle,low DPI: 72
corrected_430.jpg,Kaggle,low DPI: 72
corrected_431.jpg,Kaggle,low DPI: 72
corrected_432.jpg,Kaggle,low DPI: 72
corrected_433.jpg,Kaggle,low DPI: 72
corrected_434.jpg,Kaggle,low DPI: 72
corrected_435.jpg,Kaggle,low DPI: 72
corrected_436.jpg,Kaggle,low DPI: 72
corrected_437.jpg,Kaggle,low DPI: 72
corrected_438.jpg,Kaggle,low DPI: 72
corrected_439.jpg,Kaggle,low DPI: 72
corrected_440.jpg,Kaggle,low DPI: 72
corrected_441.jpg,Kaggle,low DPI: 72
corrected_442.jpg,Kaggle,low DPI: 72
corrected_443.jpg,Kaggle,low DPI: 72
corrected_444.jpg,Kaggle,low DPI: 72
corrected_445.jpg,Kaggle,low DPI: 72
corrected_446.jpg,Kaggle,low DPI: 72
corrected_447.jpg,Kaggle,low DPI: 72
corrected_448.jpg,Kaggle,low DPI: 72
corrected_449.jpg,Kaggle,low DPI: 72
corrected_450.jpg,Kaggle,low DPI: 72
corrected_451.jpg,Kaggle,low DPI: 72
corrected_452.jpg,Kaggle,low DPI: 72
corrected_453.jpg,Kaggle,low DPI: 72
corrected_454.jpg,Kaggle,low DPI: 72
corrected_455.jpg,Kaggle,low DPI: 72
corrected_456.jpg,Kaggle,low DPI: 72
corrected_457.jpg,Kaggle,low DPI: 72
corrected_458.jpg,Kaggle,low DPI: 72
corrected_459.jpg,Kaggle,low DPI: 72
corrected_460.jpg,Kaggle,low DPI: 72
corrected_461.jpg,Kaggle,low DPI: 72
corrected_462.jpg,Kaggle,low DPI: 72
high_potential_001.jpg,Kaggle,low DPI: 72
high_potential_002.jpg,Kaggle,low DPI: 72
high_potential_003.jpg,Kaggle,low DPI: 72
high_potential_004.jpg,Kaggle,low DPI: 72
high_potential_005.jpg,Kaggle,low DPI: 72
high_potential_006.jpg,Kaggle,low DPI: 72
high_potential_007.jpg,Kaggle,low DPI: 72
high_potential_008.jpg,Kaggle,low DPI: 72
high_potential_009.jpg,Kaggle,low DPI: 72
high_potential_010.jpg,Kaggle,low DPI: 72
high_potential_011.jpg,Kaggle,low DPI: 72
high_potential_012.jpg,Kaggle,low DPI: 72
high_potential_013.jpg,Kaggle,low DPI: 72
high_potential_014.jpg,Kaggle,low DPI: 72
high_potential_015.jpg,Kaggle,low DPI: 72
high_potential_016.jpg,Kaggle,low DPI: 72
high_potential_017.jpg,Kaggle,low DPI: 72
high_potential_018.jpg,Kaggle,low DPI: 72
high_potential_019.jpg,Kaggle,low DPI: 72
high_potential_020.jpg,Kaggle,low DPI: 72
high_potential_021.jpg,Kaggle,low DPI: 72
high_potential_022.jpg,Kaggle,low DPI: 72
high_potential_023.jpg,Kaggle,low DPI: 72
high_potential_024.jpg,Kaggle,low DPI: 72
high_potential_025.jpg,Kaggle,low DPI: 72
high_potential_026.jpg,Kaggle,low DPI: 72
high_potential_027.jpg,Kaggle,low DPI: 72
high_potential_028.jpg,Kaggle,low DPI: 72
high_potential_029.jpg,Kaggle,low DPI: 72
high_potential_030.jpg,Kaggle,low DPI: 72
high_potential_031.jpg,Kaggle,low DPI: 72
high_potential_032.jpg,Kaggle,low DPI: 72
high_potential_033.jpg,Kaggle,low DPI: 72
high_potential_034.jpg,Kaggle,low DPI: 72
high_potential_035.jpg,Kaggle,low DPI: 72
high_potential_036.jpg,Kaggle,low DPI: 72
high_potential_037.jpg,Kaggle,low DPI: 72
high_potential_038.jpg,Kaggle,low DPI: 72
high_potential_039.jpg,Kaggle,low DPI: 72
high_potential_040.jpg,Kaggle,low DPI: 72
high_potential_041.jpg,Kaggle,low DPI: 72
high_potential_042.jpg,Kaggle,low DPI: 72
high_potential_043.jpg,Kaggle,low DPI: 72
high_potential_044.jpg,Kaggle,low DPI: 72
high_potential_045.jpg,Kaggle,low DPI: 72
high_potential_046.jpg,Kaggle,low DPI: 72
high_potential_047.jpg,Kaggle,low DPI: 72
high_potential_048.jpg,Kaggle,low DPI: 72
high_potential_049.jpg,Kaggle,low DPI: 72
high_potential_050.jpg,Kaggle,low DPI: 72
high_potential_051.jpg,Kaggle,low DPI: 72
high_potential_052.jpg,Kaggle,low DPI: 72
high_potential_053.jpg,Kaggle,low DPI: 72
high_potential_054.jpg,Kaggle,low DPI: 72
high_potential_055.jpg,Kaggle,low DPI: 72
high_potential_056.jpg,Kaggle,low DPI: 72
high_potential_057.jpg,Kaggle,low DPI: 72
high_potential_058.jpg,Kaggle,low DPI: 72
high_potential_059.jpg,Kaggle,low DPI: 72
high_potential_060.jpg,Kaggle,low DPI: 72
high_potential_061.jpg,Kaggle,low DPI: 72
high_potential_062.jpg,Kaggle,low DPI: 72
high_potential_063.jpg,Kaggle,low DPI: 72
high_potential_064.jpg,Kaggle,low DPI: 72
high_potential_065.jpg,Kaggle,low DPI: 72
high_potential_066.jpg,Kaggle,low DPI: 72
high_potential_067.jpg,Kaggle,low DPI: 72
high_potential_068.jpg,Kaggle,low DPI: 72
high_potential_069.jpg,Kaggle,low DPI: 72
high_potential_070.jpg,Kaggle,low DPI: 72
high_potential_071.jpg,Kaggle,low DPI: 72
high_potential_072.jpg,Kaggle,low DPI: 72
high_potential_073.jpg,Kaggle,low DPI: 72
high_potential_074.jpg,Kaggle,low DPI: 72
high_potential_075.jpg,Kaggle,low DPI: 72
high_potential_076.jpg,Kaggle,low DPI: 72
high_potential_077.jpg,Kaggle,low DPI: 72
high_potential_078.jpg,Kaggle,low DPI: 72
high_potential_079.jpg,Kaggle,low DPI: 72
high_potential_080.jpg,Kaggle,low DPI: 72
high_potential_081.jpg,Kaggle,low DPI: 72
high_potential_082.jpg,Kaggle,low DPI: 72
high_potential_083.jpg,Kaggle,low DPI: 72
high_potential_084.jpg,Kaggle,low DPI: 72
high_potential_085.jpg,Kaggle,low DPI: 72
high_potential_086.jpg,Kaggle,low DPI: 72
high_potential_087.jpg,Kaggle,low DPI: 72
high_potential_088.jpg,Kaggle,low DPI: 72
high_potential_089.jpg,Kaggle,low DPI: 72
high_potential_090.jpg,Kaggle,low DPI: 72
high_potential_091.jpg,Kaggle,low DPI: 72
high_potential_092.jpg,Kaggle,low DPI: 72
high_potential_093.jpg,Kaggle,low DPI: 72
high_potential_094.jpg,Kaggle,low DPI: 72
high_potential_095.jpg,Kaggle,low DPI: 72
high_potential_096.jpg,Kaggle,low DPI: 72
high_potential_097.jpg,Kaggle,low DPI: 72
high_potential_098.jpg,Kaggle,low DPI: 72
high_potential_099.jpg,Kaggle,low DPI: 72
high_potential_100.jpg,Kaggle,low DPI: 72
high_potential_101.jpg,Kaggle,low DPI: 72
high_potential_102.jpg,Kaggle,low DPI: 72
high_potential_103.jpg,Kaggle,low DPI: 72
high_potential_104.jpg,Kaggle,low DPI: 72
high_potential_105.jpg,Kaggle,low DPI: 72
high_potential_106.jpg,Kaggle,low DPI: 72
high_potential_107.jpg,Kaggle,low DPI: 72
high_potential_108.jpg,Kaggle,low DPI: 72
high_potential_109.jpg,Kaggle,low DPI: 72
high_potential_110.jpg,Kaggle,low DPI: 72
high_potential_111.jpg,Kaggle,low DPI: 72
high_potential_112.jpg,Kaggle,low DPI: 72
high_potential_113.jpg,Kaggle,low DPI: 72
high_potential_114.jpg,Kaggle,low DPI: 72
high_potential_115.jpg,Kaggle,low DPI: 72
high_potential_116.jpg,Kaggle,low DPI: 72
high_potential_117.jpg,Kaggle,low DPI: 72
high_potential_118.jpg,Kaggle,low DPI: 72
high_potential_119.jpg,Kaggle,low DPI: 72
high_potential_120.jpg,Kaggle,low DPI: 72
high_potential_121.jpg,Kaggle,low DPI: 72
high_potential_122.jpg,Kaggle,low DPI: 72
high_potential_123.jpg,Kaggle,low DPI: 72
high_potential_124.jpg,Kaggle,low DPI: 72
high_potential_125.jpg,Kaggle,low DPI: 72
high_potential_126.jpg,Kaggle,low DPI: 72
high_potential_127.jpg,Kaggle,low DPI: 72
high_potential_128.jpg,Kaggle,low DPI: 72
high_potential_129.jpg,Kaggle,low DPI: 72
high_potential_130.jpg,Kaggle,low DPI: 72
high_potential_131.jpg,Kaggle,low DPI: 72
high_potential_132.jpg,Kaggle,low DPI: 72
high_potential_133.jpg,Kaggle,low DPI: 72
high_potential_134.jpg,Kaggle,low DPI: 72
high_potential_135.jpg,Kaggle,low DPI: 72
high_potential_136.jpg,Kaggle,low DPI: 72
high_potential_137.jpg,Kaggle,low DPI: 72
high_potential_138.jpg,Kaggle,low DPI: 72
high_potential_139.jpg,Kaggle,low DPI: 72
high_potential_140.jpg,Kaggle,low DPI: 72
high_potential_141.jpg,Kaggle,low DPI: 72
high_potential_142.jpg,Kaggle,low DPI: 72
high_potential_143.jpg,Kaggle,low DPI: 72
high_potential_144.jpg,Kaggle,low DPI: 72
high_potential_145.jpg,Kaggle,low DPI: 72
high_potential_146.jpg,Kaggle,low DPI: 72
high_potential_147.jpg,Kaggle,low DPI: 72
high_potential_148.jpg,Kaggle,low DPI: 72
high_potential_149.jpg,Kaggle,low DPI: 72
high_potential_150.jpg,Kaggle,low DPI: 72
high_potential_151.jpg,Kaggle,low DPI: 72
high_potential_152.jpg,Kaggle,low DPI: 72
high_potential_153.jpg,Kaggle,low DPI: 72
high_potential_154.jpg,Kaggle,low DPI: 72
high_potential_155.jpg,Kaggle,low DPI: 72
high_potential_156.jpg,Kaggle,low DPI: 72
high_potential_157.jpg,Kaggle,low DPI: 72
high_potential_158.jpg,Kaggle,low DPI: 72
high_potential_159.jpg,Kaggle,low DPI: 72
high_potential_160.jpg,Kaggle,low DPI: 72
high_potential_161.jpg,Kaggle,low DPI: 72
high_potential_162.jpg,Kaggle,low DPI: 72
high_potential_163.jpg,Kaggle,low DPI: 72
high_potential_164.jpg,Kaggle,low DPI: 72
high_potential_165.jpg,Kaggle,low DPI: 72
high_potential_166.jpg,Kaggle,low DPI: 72
high_potential_167.jpg,Kaggle,low DPI: 72
high_potential_168.jpg,Kaggle,low DPI: 72
high_potential_169.jpg,Kaggle,low DPI: 72
high_potential_170.jpg,Kaggle,low DPI: 72
high_potential_171.jpg,Kaggle,low DPI: 72
high_potential_172.jpg,Kaggle,low DPI: 72
high_potential_173.jpg,Kaggle,low DPI: 72
high_potential_174.jpg,Kaggle,low DPI: 72
high_potential_175.jpg,Kaggle,low DPI: 72
high_potential_176.jpg,Kaggle,low DPI: 72
high_potential_177.jpg,Kaggle,low DPI: 72
high_potential_178.jpg,Kaggle,low DPI: 72
high_potential_179.jpg,Kaggle,low DPI: 72
high_potential_180.jpg,Kaggle,low DPI: 72
high_potential_181.jpg,Kaggle,low DPI: 72
high_potential_182.jpg,Kaggle,low DPI: 72
high_potential_183.jpg,Kaggle,low DPI: 72
high_potential_184.jpg,Kaggle,low DPI: 72
high_potential_185.jpg,Kaggle,low DPI: 72
high_potential_186.jpg,Kaggle,low DPI: 72
high_potential_187.jpg,Kaggle,low DPI: 72
high_potential_188.jpg,Kaggle,low DPI: 72
high_potential_189.jpg,Kaggle,low DPI: 72
high_potential_190.jpg,Kaggle,low DPI: 72
high_potential_191.jpg,Kaggle,low DPI: 72
high_potential_192.jpg,Kaggle,low DPI: 72
high_potential_193.jpg,Kaggle,low DPI: 72
high_potential_194.jpg,Kaggle,low DPI: 72
high_potential_195.jpg,Kaggle,low DPI: 72
high_potential_196.jpg,Kaggle,low DPI: 72
high_potential_197.jpg,Kaggle,low DPI: 72
high_potential_198.jpg,Kaggle,low DPI: 72
high_potential_199.jpg,Kaggle,low DPI: 72
high_potential_200.jpg,Kaggle,low DPI: 72
high_potential_201.jpg,Kaggle,low DPI: 72
high_potential_202.jpg,Kaggle,low DPI: 72
high_potential_203.jpg,Kaggle,low DPI: 72
high_potential_204.jpg,Kaggle,low DPI: 72
high_potential_205.jpg,Kaggle,low DPI: 72
high_potential_206.jpg,Kaggle,low DPI: 72
high_potential_207.jpg,Kaggle,low DPI: 72
high_potential_208.jpg,Kaggle,low DPI: 72
high_potential_209.jpg,Kaggle,low DPI: 72
high_potential_210.jpg,Kaggle,low DPI: 72
high_potential_211.jpg,Kaggle,low DPI: 72
high_potential_212.jpg,Kaggle,low DPI: 72
high_potential_213.jpg,Kaggle,low DPI: 72
high_potential_214.jpg,Kaggle,low DPI: 72
high_potential_215.jpg,Kaggle,low DPI: 72
high_potential_216.jpg,Kaggle,low DPI: 72
high_potential_217.jpg,Kaggle,low DPI: 72
high_potential_218.jpg,Kaggle,low DPI: 72
high_potential_219.jpg,Kaggle,low DPI: 72
high_potential_220.jpg,Kaggle,low DPI: 72
high_potential_221.jpg,Kaggle,low DPI: 72
high_potential_222.jpg,Kaggle,low DPI: 72
high_potential_223.jpg,Kaggle,low DPI: 72
high_potential_224.jpg,Kaggle,low DPI: 72
high_potential_225.jpg,Kaggle,low DPI: 72
high_potential_226.jpg,Kaggle,low DPI: 72
high_potential_227.jpg,Kaggle,low DPI: 72
high_potential_228.jpg,Kaggle,low DPI: 72
high_potential_229.jpg,Kaggle,low DPI: 72
high_potential_230.jpg,Kaggle,low DPI: 72
high_potential_231.jpg,Kaggle,low DPI: 72
high_potential_232.jpg,Kaggle,low DPI: 72
high_potential_233.jpg,Kaggle,low DPI: 72
high_potential_234.jpg,Kaggle,low DPI: 72
high_potential_235.jpg,Kaggle,low DPI: 72
high_potential_236.jpg,Kaggle,low DPI: 72
high_potential_237.jpg,Kaggle,low DPI: 72
high_potential_238.jpg,Kaggle,low DPI: 72
high_potential_239.jpg,Kaggle,low DPI: 72
high_potential_240.jpg,Kaggle,low DPI: 72
high_potential_241.jpg,Kaggle,low DPI: 72
high_potential_242.jpg,Kaggle,low DPI: 72
high_potential_243.jpg,Kaggle,low DPI: 72
high_potential_244.jpg,Kaggle,low DPI: 72
high_potential_245.jpg,Kaggle,low DPI: 72
high_potential_246.jpg,Kaggle,low DPI: 72
high_potential_247.jpg,Kaggle,low DPI: 72
high_potential_248.jpg,Kaggle,low DPI: 72
high_potential_249.jpg,Kaggle,low DPI: 72
high_potential_250.jpg,Kaggle,low DPI: 72
high_potential_251.jpg,Kaggle,low DPI: 72
high_potential_252.jpg,Kaggle,low DPI: 72
high_potential_253.jpg,Kaggle,low DPI: 72
high_potential_254.jpg,Kaggle,low DPI: 72
high_potential_255.jpg,Kaggle,low DPI: 72
high_potential_256.jpg,Kaggle,low DPI: 72
high_potential_257.jpg,Kaggle,low DPI: 72
high_potential_258.jpg,Kaggle,low DPI: 72
high_potential_259.jpg,Kaggle,low DPI: 72
high_potential_260.jpg,Kaggle,low DPI: 72
high_potential_261.jpg,Kaggle,low DPI: 72
high_potential_262.jpg,Kaggle,low DPI: 72
high_potential_263.jpg,Kaggle,low DPI: 72
high_potential_264.jpg,Kaggle,low DPI: 72
high_potential_265.jpg,Kaggle,low DPI: 72
high_potential_266.jpg,Kaggle,low DPI: 72
high_potential_267.jpg,Kaggle,low DPI: 72
high_potential_268.jpg,Kaggle,low DPI: 72
high_potential_269.jpg,Kaggle,low DPI: 72
high_potential_270.jpg,Kaggle,low DPI: 72
high_potential_271.jpg,Kaggle,low DPI: 72
high_potential_272.jpg,Kaggle,low DPI: 72
high_potential_273.jpg,Kaggle,low DPI: 72
high_potential_274.jpg,Kaggle,low DPI: 72
high_potential_275.jpg,Kaggle,low DPI: 72
high_potential_276.jpg,Kaggle,low DPI: 72
high_potential_277.jpg,Kaggle,low DPI: 72
high_potential_278.jpg,Kaggle,low DPI: 72
high_potential_279.jpg,Kaggle,low DPI: 72
high_potential_280.jpg,Kaggle,low DPI: 72
high_potential_281.jpg,Kaggle,low DPI: 72
high_potential_282.jpg,Kaggle,low DPI: 72
high_potential_283.jpg,Kaggle,low DPI: 72
high_potential_284.jpg,Kaggle,low DPI: 72
high_potential_285.jpg,Kaggle,low DPI: 72
high_potential_286.jpg,Kaggle,low DPI: 72
high_potential_287.jpg,Kaggle,low DPI: 72
high_potential_288.jpg,Kaggle,low DPI: 72
high_potential_289.jpg,Kaggle,low DPI: 72
high_potential_290.jpg,Kaggle,low DPI: 72
high_potential_291.jpg,Kaggle,low DPI: 72
high_potential_292.jpg,Kaggle,low DPI: 72
high_potential_293.jpg,Kaggle,low DPI: 72
high_potential_294.jpg,Kaggle,low DPI: 72
high_potential_295.jpg,Kaggle,low DPI: 72
high_potential_296.jpg,Kaggle,low DPI: 72
high_potential_297.jpg,Kaggle,low DPI: 72
high_potential_298.jpg,Kaggle,low DPI: 72
high_potential_299.jpg,Kaggle,low DPI: 72
high_potential_300.jpg,Kaggle,low DPI: 72
high_potential_301.jpg,Kaggle,low DPI: 72
high_potential_302.jpg,Kaggle,low DPI: 72
high_potential_303.jpg,Kaggle,low DPI: 72
high_potential_304.jpg,Kaggle,low DPI: 72
high_potential_305.jpg,Kaggle,low DPI: 72
high_potential_306.jpg,Kaggle,low DPI: 72
high_potential_307.jpg,Kaggle,low DPI: 72
high_potential_308.jpg,Kaggle,low DPI: 72
high_potential_309.jpg,Kaggle,low DPI: 72
high_potential_310.jpg,Kaggle,low DPI: 72
high_potential_311.jpg,Kaggle,low DPI: 72
high_potential_312.jpg,Kaggle,low DPI: 72
high_potential_313.jpg,Kaggle,low DPI: 72
high_potential_314.jpg,Kaggle,low DPI: 72
high_potential_315.jpg,Kaggle,low DPI: 72
high_potential_316.jpg,Kaggle,low DPI: 72
high_potential_317.jpg,Kaggle,low DPI: 72
high_potential_318.jpg,Kaggle,low DPI: 72
high_potential_319.jpg,Kaggle,low DPI: 72
high_potential_320.jpg,Kaggle,low DPI: 72
high_potential_321.jpg,Kaggle,low DPI: 72
high_potential_322.jpg,Kaggle,low DPI: 72
high_potential_323.jpg,Kaggle,low DPI: 72
high_potential_324.jpg,Kaggle,low DPI: 72
high_potential_325.jpg,Kaggle,low DPI: 72
high_potential_326.jpg,Kaggle,low DPI: 72
high_potential_327.jpg,Kaggle,low DPI: 72
high_potential_328.jpg,Kaggle,low DPI: 72
high_potential_329.jpg,Kaggle,low DPI: 72
high_potential_330.jpg,Kaggle,low DPI: 72
high_potential_331.jpg,Kaggle,low DPI: 72
high_potential_332.jpg,Kaggle,low DPI: 72
high_potential_333.jpg,Kaggle,low DPI: 72
high_potential_334.jpg,Kaggle,low DPI: 72
high_potential_335.jpg,Kaggle,low DPI: 72
high_potential_336.jpg,Kaggle,low DPI: 72
high_potential_337.jpg,Kaggle,low DPI: 72
high_potential_338.jpg,Kaggle,low DPI: 72
high_potential_339.jpg,Kaggle,low DPI: 72
high_potential_340.jpg,Kaggle,low DPI: 72
high_potential_341.jpg,Kaggle,low DPI: 72
high_potential_342.jpg,Kaggle,low DPI: 72
high_potential_343.jpg,Kaggle,low DPI: 72
high_potential_344.jpg,Kaggle,low DPI: 72
high_potential_345.jpg,Kaggle,low DPI: 72
high_potential_346.jpg,Kaggle,low DPI: 72
high_potential_347.jpg,Kaggle,low DPI: 72
high_potential_348.jpg,Kaggle,low DPI: 72
high_potential_349.jpg,Kaggle,low DPI: 72
high_potential_350.jpg,Kaggle,low DPI: 72
high_potential_351.jpg,Kaggle,low DPI: 72
high_potential_352.jpg,Kaggle,low DPI: 72
high_potential_353.jpg,Kaggle,low DPI: 72
high_potential_354.jpg,Kaggle,low DPI: 72
high_potential_355.jpg,Kaggle,low DPI: 72
high_potential_356.jpg,Kaggle,low DPI: 72
high_potential_357.jpg,Kaggle,low DPI: 72
high_potential_358.jpg,Kaggle,low DPI: 72
high_potential_359.jpg,Kaggle,low DPI: 72
high_potential_360.jpg,Kaggle,low DPI: 72
high_potential_361.jpg,Kaggle,low DPI: 72
high_potential_362.jpg,Kaggle,low DPI: 72
high_potential_363.jpg,Kaggle,low DPI: 72
high_potential_364.jpg,Kaggle,low DPI: 72
high_potential_365.jpg,Kaggle,low DPI: 72
high_potential_366.jpg,Kaggle,low DPI: 72
high_potential_367.jpg,Kaggle,low DPI: 72
high_potential_368.jpg,Kaggle,low DPI: 72
high_potential_369.jpg,Kaggle,low DPI: 72
high_potential_370.jpg,Kaggle,low DPI: 72
high_potential_371.jpg,Kaggle,low DPI: 72
high_potential_372.jpg,Kaggle,low DPI: 72
high_potential_373.jpg,Kaggle,low DPI: 72
high_potential_374.jpg,Kaggle,low DPI: 72
high_potential_375.jpg,Kaggle,low DPI: 72
high_potential_376.jpg,Kaggle,low DPI: 72
high_potential_377.jpg,Kaggle,low DPI: 72
high_potential_378.jpg,Kaggle,low DPI: 72
high_potential_379.jpg,Kaggle,low DPI: 72
high_potential_380.jpg,Kaggle,low DPI: 72
high_potential_381.jpg,Kaggle,low DPI: 72
high_potential_382.jpg,Kaggle,low DPI: 72
high_potential_383.jpg,Kaggle,low DPI: 72
high_potential_384.jpg,Kaggle,low DPI: 72
high_potential_385.jpg,Kaggle,low DPI: 72
high_potential_386.jpg,Kaggle,low DPI: 72
high_potential_387.jpg,Kaggle,low DPI: 72
high_potential_388.jpg,Kaggle,low DPI: 72
high_potential_389.jpg,Kaggle,low DPI: 72
high_potential_390.jpg,Kaggle,low DPI: 72
high_potential_391.jpg,Kaggle,low DPI: 72
high_potential_392.jpg,Kaggle,low DPI: 72
high_potential_393.jpg,Kaggle,low DPI: 72
high_potential_394.jpg,Kaggle,low DPI: 72
high_potential_395.jpg,Kaggle,low DPI: 72
high_potential_396.jpg,Kaggle,low DPI: 72
high_potential_397.jpg,Kaggle,low DPI: 72
high_potential_398.jpg,Kaggle,low DPI: 72
high_potential_399.jpg,Kaggle,low DPI: 72
high_potential_400.jpg,Kaggle,low DPI: 72
high_potential_401.jpg,Kaggle,low DPI: 72
high_potential_402.jpg,Kaggle,low DPI: 72
high_potential_403.jpg,Kaggle,low DPI: 72
high_potential_404.jpg,Kaggle,low DPI: 72
high_potential_405.jpg,Kaggle,low DPI: 72
high_potential_406.jpg,Kaggle,low DPI: 72
high_potential_407.jpg,Kaggle,low DPI: 72
high_potential_408.jpg,Kaggle,low DPI: 72
high_potential_409.jpg,Kaggle,low DPI: 72
high_potential_410.jpg,Kaggle,low DPI: 72
high_potential_411.jpg,Kaggle,low DPI: 72
high_potential_412.jpg,Kaggle,low DPI: 72
high_potential_413.jpg,Kaggle,low DPI: 72
high_potential_414.jpg,Kaggle,low DPI: 72
high_potential_415.jpg,Kaggle,low DPI: 72
high_potential_416.jpg,Kaggle,low DPI: 72
high_potential_417.jpg,Kaggle,low DPI: 72
high_potential_418.jpg,Kaggle,low DPI: 72
high_potential_419.jpg,Kaggle,low DPI: 72
high_potential_420.jpg,Kaggle,low DPI: 72
high_potential_421.jpg,Kaggle,low DPI: 72
high_potential_422.jpg,Kaggle,low DPI: 72
high_potential_423.jpg,Kaggle,low DPI: 72
high_potential_424.jpg,Kaggle,low DPI: 72
high_potential_425.jpg,Kaggle,low DPI: 72
high_potential_426.jpg,Kaggle,low DPI: 72
high_potential_427.jpg,Kaggle,low DPI: 72
high_potential_428.jpg,Kaggle,low DPI: 72
high_potential_429.jpg,Kaggle,low DPI: 72
high_potential_430.jpg,Kaggle,low DPI: 72
high_potential_431.jpg,Kaggle,low DPI: 72
high_potential_432.jpg,Kaggle,low DPI: 72
high_potential_433.jpg,Kaggle,low DPI: 72
high_potential_434.jpg,Kaggle,low DPI: 72
high_potential_435.jpg,Kaggle,low DPI: 72
low_potential_001.jpg,Kaggle,low DPI: 72
low_potential_002.jpg,Kaggle,low DPI: 72
low_potential_003.jpg,Kaggle,low DPI: 72
low_potential_004.jpg,Kaggle,low DPI: 72
low_potential_005.jpg,Kaggle,low DPI: 72
low_potential_006.jpg,Kaggle,low DPI: 72
low_potential_007.jpg,Kaggle,low DPI: 72
low_potential_008.jpg,Kaggle,low DPI: 72
low_potential_009.jpg,Kaggle,low DPI: 72
low_potential_010.jpg,Kaggle,low DPI: 72
low_potential_011.jpg,Kaggle,low DPI: 72
low_potential_012.jpg,Kaggle,low DPI: 72
low_potential_013.jpg,Kaggle,low DPI: 72
low_potential_014.jpg,Kaggle,low DPI: 72
low_potential_015.jpg,Kaggle,low DPI: 72
low_potential_016.jpg,Kaggle,low DPI: 72
low_potential_017.jpg,Kaggle,low DPI: 72
low_potential_018.jpg,Kaggle,low DPI: 72
low_potential_019.jpg,Kaggle,low DPI: 72
low_potential_020.jpg,Kaggle,low DPI: 72
low_potential_021.jpg,Kaggle,low DPI: 72
low_potential_022.jpg,Kaggle,low DPI: 72
low_potential_023.jpg,Kaggle,low DPI: 72
low_potential_024.jpg,Kaggle,low DPI: 72
low_potential_025.jpg,Kaggle,low DPI: 72
low_potential_026.jpg,Kaggle,low DPI: 72
low_potential_027.jpg,Kaggle,low DPI: 72
low_potential_028.jpg,Kaggle,low DPI: 72
low_potential_029.jpg,Kaggle,low DPI: 72
low_potential_030.jpg,Kaggle,low DPI: 72
low_potential_031.jpg,Kaggle,low DPI: 72
low_potential_032.jpg,Kaggle,low DPI: 72
low_potential_033.jpg,Kaggle,low DPI: 72
low_potential_034.jpg,Kaggle,low DPI: 72
low_potential_035.jpg,Kaggle,low DPI: 72
low_potential_036.jpg,Kaggle,low DPI: 72
low_potential_037.jpg,Kaggle,low DPI: 72
low_potential_038.jpg,Kaggle,low DPI: 72
low_potential_039.jpg,Kaggle,low DPI: 72
low_potential_040.jpg,Kaggle,low DPI: 72
low_potential_041.jpg,Kaggle,low DPI: 72
low_potential_042.jpg,Kaggle,low DPI: 72
low_potential_043.jpg,Kaggle,low DPI: 72
low_potential_044.jpg,Kaggle,low DPI: 72
low_potential_045.jpg,Kaggle,low DPI: 72
low_potential_046.jpg,Kaggle,low DPI: 72
low_potential_047.jpg,Kaggle,low DPI: 72
low_potential_048.jpg,Kaggle,low DPI: 72
low_potential_049.jpg,Kaggle,low DPI: 72
low_potential_050.jpg,Kaggle,low DPI: 72
low_potential_051.jpg,Kaggle,low DPI: 72
low_potential_052.jpg,Kaggle,low DPI: 72
low_potential_053.jpg,Kaggle,low DPI: 72
low_potential_054.jpg,Kaggle,low DPI: 72
low_potential_055.jpg,Kaggle,low DPI: 72
low_potential_056.jpg,Kaggle,low DPI: 72
low_potential_057.jpg,Kaggle,low DPI: 72
low_potential_058.jpg,Kaggle,low DPI: 72
low_potential_059.jpg,Kaggle,low DPI: 72
low_potential_060.jpg,Kaggle,low DPI: 72
low_potential_061.jpg,Kaggle,low DPI: 72
low_potential_062.jpg,Kaggle,low DPI: 72
low_potential_063.jpg,Kaggle,low DPI: 72
low_potential_064.jpg,Kaggle,low DPI: 72
low_potential_065.jpg,Kaggle,low DPI: 72
low_potential_066.jpg,Kaggle,low DPI: 72
low_potential_067.jpg,Kaggle,low DPI: 72
low_potential_068.jpg,Kaggle,low DPI: 72
low_potential_069.jpg,Kaggle,low DPI: 72
low_potential_070.jpg,Kaggle,low DPI: 72
low_potential_071.jpg,Kaggle,low DPI: 72
low_potential_072.jpg,Kaggle,low DPI: 72
low_potential_073.jpg,Kaggle,low DPI: 72
low_potential_074.jpg,Kaggle,low DPI: 72
low_potential_075.jpg,Kaggle,low DPI: 72
low_potential_076.jpg,Kaggle,low DPI: 72
low_potential_077.jpg,Kaggle,low DPI: 72
low_potential_078.jpg,Kaggle,low DPI: 72
low_potential_079.jpg,Kaggle,low DPI: 72
low_potential_080.jpg,Kaggle,low DPI: 72
low_potential_081.jpg,Kaggle,low DPI: 72
low_potential_082.jpg,Kaggle,low DPI: 72
low_potential_083.jpg,Kaggle,low DPI: 72
low_potential_084.jpg,Kaggle,low DPI: 72
low_potential_085.jpg,Kaggle,low DPI: 72
low_potential_086.jpg,Kaggle,low DPI: 72
low_potential_087.jpg,Kaggle,low DPI: 72
low_potential_088.jpg,Kaggle,low DPI: 72
low_potential_089.jpg,Kaggle,low DPI: 72
low_potential_090.jpg,Kaggle,low DPI: 72
low_potential_091.jpg,Kaggle,low DPI: 72
low_potential_092.jpg,Kaggle,low DPI: 72
low_potential_093.jpg,Kaggle,low DPI: 72
low_potential_094.jpg,Kaggle,low DPI: 72
low_potential_095.jpg,Kaggle,low DPI: 72
low_potential_096.jpg,Kaggle,low DPI: 72
low_potential_097.jpg,Kaggle,low DPI: 72
low_potential_098.jpg,Kaggle,low DPI: 72
low_potential_099.jpg,Kaggle,low DPI: 72
low_potential_100.jpg,Kaggle,low DPI: 72
low_potential_101.jpg,Kaggle,low DPI: 72
low_potential_102.jpg,Kaggle,low DPI: 72
low_potential_103.jpg,Kaggle,low DPI: 72
low_potential_104.jpg,Kaggle,low DPI: 72
low_potential_105.jpg,Kaggle,low DPI: 72
low_potential_106.jpg,Kaggle,low DPI: 72
low_potential_107.jpg,Kaggle,low DPI: 72
low_potential_108.jpg,Kaggle,low DPI: 72
low_potential_109.jpg,Kaggle,low DPI: 72
low_potential_110.jpg,Kaggle,low DPI: 72
low_potential_111.jpg,Kaggle,low DPI: 72
low_potential_112.jpg,Kaggle,low DPI: 72
low_potential_113.jpg,Kaggle,low DPI: 72
low_potential_114.jpg,Kaggle,low DPI: 72
low_potential_115.jpg,Kaggle,low DPI: 72
low_potential_116.jpg,Kaggle,low DPI: 72
low_potential_117.jpg,Kaggle,low DPI: 72
low_potential_118.jpg,Kaggle,low DPI: 72
low_potential_119.jpg,Kaggle,low DPI: 72
low_potential_120.jpg,Kaggle,low DPI: 72
low_potential_121.jpg,Kaggle,low DPI: 72
low_potential_122.jpg,Kaggle,low DPI: 72
low_potential_123.jpg,Kaggle,low DPI: 72
low_potential_124.jpg,Kaggle,low DPI: 72
low_potential_125.jpg,Kaggle,low DPI: 72
low_potential_126.jpg,Kaggle,low DPI: 72
low_potential_127.jpg,Kaggle,low DPI: 72
low_potential_128.jpg,Kaggle,low DPI: 72
low_potential_129.jpg,Kaggle,low DPI: 72
low_potential_130.jpg,Kaggle,low DPI: 72
low_potential_131.jpg,Kaggle,low DPI: 72
low_potential_132.jpg,Kaggle,low DPI: 72
low_potential_133.jpg,Kaggle,low DPI: 72
low_potential_134.jpg,Kaggle,low DPI: 72
low_potential_135.jpg,Kaggle,low DPI: 72
low_potential_136.jpg,Kaggle,low DPI: 72
low_potential_137.jpg,Kaggle,low DPI: 72
low_potential_138.jpg,Kaggle,low DPI: 72
low_potential_139.jpg,Kaggle,low DPI: 72
low_potential_140.jpg,Kaggle,low DPI: 72
low_potential_141.jpg,Kaggle,low DPI: 72
low_potential_142.jpg,Kaggle,low DPI: 72
low_potential_143.jpg,Kaggle,low DPI: 72
low_potential_144.jpg,Kaggle,low DPI: 72
low_potential_145.jpg,Kaggle,low DPI: 72
low_potential_146.jpg,Kaggle,low DPI: 72
low_potential_147.jpg,Kaggle,low DPI: 72
low_potential_148.jpg,Kaggle,low DPI: 72
low_potential_149.jpg,Kaggle,low DPI: 72
low_potential_150.jpg,Kaggle,low DPI: 72
low_potential_151.jpg,Kaggle,low DPI: 72
low_potential_152.jpg,Kaggle,low DPI: 72
low_potential_153.jpg,Kaggle,low DPI: 72
low_potential_154.jpg,Kaggle,low DPI: 72
low_potential_155.jpg,Kaggle,low DPI: 72
low_potential_156.jpg,Kaggle,low DPI: 72
low_potential_157.jpg,Kaggle,low DPI: 72
low_potential_158.jpg,Kaggle,low DPI: 72
low_potential_159.jpg,Kaggle,low DPI: 72
low_potential_160.jpg,Kaggle,low DPI: 72
low_potential_161.jpg,Kaggle,low DPI: 72
low_potential_162.jpg,Kaggle,low DPI: 72
low_potential_163.jpg,Kaggle,low DPI: 72
low_potential_164.jpg,Kaggle,low DPI: 72
low_potential_165.jpg,Kaggle,low DPI: 72
low_potential_166.jpg,Kaggle,low DPI: 72
low_potential_167.jpg,Kaggle,low DPI: 72
low_potential_168.jpg,Kaggle,low DPI: 72
low_potential_169.jpg,Kaggle,low DPI: 72
low_potential_170.jpg,Kaggle,low DPI: 72
low_potential_171.jpg,Kaggle,low DPI: 72
low_potential_172.jpg,Kaggle,low DPI: 72
low_potential_173.jpg,Kaggle,low DPI: 72
low_potential_174.jpg,Kaggle,low DPI: 72
low_potential_175.jpg,Kaggle,low DPI: 72
low_potential_176.jpg,Kaggle,low DPI: 72
low_potential_177.jpg,Kaggle,low DPI: 72
low_potential_178.jpg,Kaggle,low DPI: 72
low_potential_179.jpg,Kaggle,low DPI: 72
low_potential_180.jpg,Kaggle,low DPI: 72
low_potential_181.jpg,Kaggle,low DPI: 72
low_potential_182.jpg,Kaggle,low DPI: 72
low_potential_183.jpg,Kaggle,low DPI: 72
low_potential_184.jpg,Kaggle,low DPI: 72
low_potential_185.jpg,Kaggle,low DPI: 72
low_potential_186.jpg,Kaggle,low DPI: 72
low_potential_187.jpg,Kaggle,low DPI: 72
low_potential_188.jpg,Kaggle,low DPI: 72
low_potential_189.jpg,Kaggle,low DPI: 72
low_potential_190.jpg,Kaggle,low DPI: 72
low_potential_191.jpg,Kaggle,low DPI: 72
low_potential_192.jpg,Kaggle,low DPI: 72
low_potential_193.jpg,Kaggle,low DPI: 72
low_potential_194.jpg,Kaggle,low DPI: 72
low_potential_195.jpg,Kaggle,low DPI: 72
low_potential_196.jpg,Kaggle,low DPI: 72
low_potential_197.jpg,Kaggle,low DPI: 72
low_potential_198.jpg,Kaggle,low DPI: 72
low_potential_199.jpg,Kaggle,low DPI: 72
low_potential_200.jpg,Kaggle,low DPI: 72
low_potential_201.jpg,Kaggle,low DPI: 72
low_potential_202.jpg,Kaggle,low DPI: 72
low_potential_203.jpg,Kaggle,low DPI: 72
low_potential_204.jpg,Kaggle,low DPI: 72
low_potential_205.jpg,Kaggle,low DPI: 72
low_potential_206.jpg,Kaggle,low DPI: 72
low_potential_207.jpg,Kaggle,low DPI: 72
low_potential_208.jpg,Kaggle,low DPI: 72
low_potential_209.jpg,Kaggle,low DPI: 72
low_potential_210.jpg,Kaggle,low DPI: 72
low_potential_211.jpg,Kaggle,low DPI: 72
low_potential_212.jpg,Kaggle,low DPI: 72
low_potential_213.jpg,Kaggle,low DPI: 72
low_potential_214.jpg,Kaggle,low DPI: 72
low_potential_215.jpg,Kaggle,low DPI: 72
low_potential_216.jpg,Kaggle,low DPI: 72
low_potential_217.jpg,Kaggle,low DPI: 72
low_potential_218.jpg,Kaggle,low DPI: 72
low_potential_219.jpg,Kaggle,low DPI: 72
low_potential_220.jpg,Kaggle,low DPI: 72
low_potential_221.jpg,Kaggle,low DPI: 72
low_potential_222.jpg,Kaggle,low DPI: 72
low_potential_223.jpg,Kaggle,low DPI: 72
low_potential_224.jpg,Kaggle,low DPI: 72
low_potential_225.jpg,Kaggle,low DPI: 72
low_potential_226.jpg,Kaggle,low DPI: 72
low_potential_227.jpg,Kaggle,low DPI: 72
low_potential_228.jpg,Kaggle,low DPI: 72
low_potential_229.jpg,Kaggle,low DPI: 72
low_potential_230.jpg,Kaggle,low DPI: 72
low_potential_231.jpg,Kaggle,low DPI: 72
low_potential_232.jpg,Kaggle,low DPI: 72
low_potential_233.jpg,Kaggle,low DPI: 72
low_potential_234.jpg,Kaggle,low DPI: 72
low_potential_235.jpg,Kaggle,low DPI: 72
low_potential_236.jpg,Kaggle,low DPI: 72
low_potential_237.jpg,Kaggle,low DPI: 72
low_potential_238.jpg,Kaggle,low DPI: 72
low_potential_239.jpg,Kaggle,low DPI: 72
low_potential_240.jpg,Kaggle,low DPI: 72
low_potential_241.jpg,Kaggle,low DPI: 72
low_potential_242.jpg,Kaggle,low DPI: 72
low_potential_243.jpg,Kaggle,low DPI: 72
low_potential_244.jpg,Kaggle,low DPI: 72
low_potential_245.jpg,Kaggle,low DPI: 72
low_potential_246.jpg,Kaggle,low DPI: 72
low_potential_247.jpg,Kaggle,low DPI: 72
low_potential_248.jpg,Kaggle,low DPI: 72
low_potential_249.jpg,Kaggle,low DPI: 72
low_potential_250.jpg,Kaggle,low DPI: 72
low_potential_251.jpg,Kaggle,low DPI: 72
low_potential_252.jpg,Kaggle,low DPI: 72
low_potential_253.jpg,Kaggle,low DPI: 72
low_potential_254.jpg,Kaggle,low DPI: 72
low_potential_255.jpg,Kaggle,low DPI: 72
low_potential_256.jpg,Kaggle,low DPI: 72
low_potential_257.jpg,Kaggle,low DPI: 72
low_potential_258.jpg,Kaggle,low DPI: 72
low_potential_259.jpg,Kaggle,low DPI: 72
low_potential_260.jpg,Kaggle,low DPI: 72
low_potential_261.jpg,Kaggle,low DPI: 72
low_potential_262.jpg,Kaggle,low DPI: 72
low_potential_263.jpg,Kaggle,low DPI: 72
low_potential_264.jpg,Kaggle,low DPI: 72
low_potential_265.jpg,Kaggle,low DPI: 72
low_potential_266.jpg,Kaggle,low DPI: 72
low_potential_267.jpg,Kaggle,low DPI: 72
low_potential_268.jpg,Kaggle,low DPI: 72
low_potential_269.jpg,Kaggle,low DPI: 72
low_potential_270.jpg,Kaggle,low DPI: 72
low_potential_271.jpg,Kaggle,low DPI: 72
low_potential_272.jpg,Kaggle,low DPI: 72
low_potential_273.jpg,Kaggle,low DPI: 72
low_potential_274.jpg,Kaggle,low DPI: 72
low_potential_275.jpg,Kaggle,low DPI: 72
low_potential_276.jpg,Kaggle,low DPI: 72
low_potential_277.jpg,Kaggle,low DPI: 72
low_potential_278.jpg,Kaggle,low DPI: 72
low_potential_279.jpg,Kaggle,low DPI: 72
low_potential_280.jpg,Kaggle,low DPI: 72
low_potential_281.jpg,Kaggle,low DPI: 72
low_potential_282.jpg,Kaggle,low DPI: 72
low_potential_283.jpg,Kaggle,low DPI: 72
low_potential_284.jpg,Kaggle,low DPI: 72
low_potential_285.jpg,Kaggle,low DPI: 72
low_potential_286.jpg,Kaggle,low DPI: 72
low_potential_287.jpg,Kaggle,low DPI: 72
low_potential_288.jpg,Kaggle,low DPI: 72
low_potential_289.jpg,Kaggle,low DPI: 72
low_potential_290.jpg,Kaggle,low DPI: 72
low_potential_291.jpg,Kaggle,low DPI: 72
low_potential_292.jpg,Kaggle,low DPI: 72
low_potential_293.jpg,Kaggle,low DPI: 72
low_potential_294.jpg,Kaggle,low DPI: 72
low_potential_295.jpg,Kaggle,low DPI: 72
low_potential_296.jpg,Kaggle,low DPI: 72
low_potential_297.jpg,Kaggle,low DPI: 72
low_potential_298.jpg,Kaggle,low DPI: 72
low_potential_299.jpg,Kaggle,low DPI: 72
low_potential_300.jpg,Kaggle,low DPI: 72
low_potential_301.jpg,Kaggle,low DPI: 72
low_potential_302.jpg,Kaggle,low DPI: 72
low_potential_303.jpg,Kaggle,low DPI: 72
low_potential_304.jpg,Kaggle,low DPI: 72
low_potential_305.jpg,Kaggle,low DPI: 72
low_potential_306.jpg,Kaggle,low DPI: 72
low_potential_307.jpg,Kaggle,low DPI: 72
low_potential_308.jpg,Kaggle,low DPI: 72
low_potential_309.jpg,Kaggle,low DPI: 72
low_potential_310.jpg,Kaggle,low DPI: 72
low_potential_311.jpg,Kaggle,low DPI: 72
low_potential_312.jpg,Kaggle,low DPI: 72
low_potential_313.jpg,Kaggle,low DPI: 72
low_potential_314.jpg,Kaggle,low DPI: 72
low_potential_315.jpg,Kaggle,low DPI: 72
low_potential_316.jpg,Kaggle,low DPI: 72
low_potential_317.jpg,Kaggle,low DPI: 72
low_potential_318.jpg,Kaggle,low DPI: 72
low_potential_319.jpg,Kaggle,low DPI: 72
low_potential_320.jpg,Kaggle,low DPI: 72
low_potential_321.jpg,Kaggle,low DPI: 72
low_potential_322.jpg,Kaggle,low DPI: 72
low_potential_323.jpg,Kaggle,low DPI: 72
low_potential_324.jpg,Kaggle,low DPI: 72
low_potential_325.jpg,Kaggle,low DPI: 72
low_potential_326.jpg,Kaggle,low DPI: 72
low_potential_327.jpg,Kaggle,low DPI: 72
low_potential_328.jpg,Kaggle,low DPI: 72
low_potential_329.jpg,Kaggle,low DPI: 72
low_potential_330.jpg,Kaggle,low DPI: 72
low_potential_331.jpg,Kaggle,low DPI: 72
low_potential_332.jpg,Kaggle,low DPI: 72
low_potential_333.jpg,Kaggle,low DPI: 72
low_potential_334.jpg,Kaggle,low DPI: 72
low_potential_335.jpg,Kaggle,low DPI: 72
low_potential_336.jpg,Kaggle,low DPI: 72
low_potential_337.jpg,Kaggle,low DPI: 72
low_potential_338.jpg,Kaggle,low DPI: 72
low_potential_339.jpg,Kaggle,low DPI: 72
low_potential_340.jpg,Kaggle,low DPI: 72
low_potential_341.jpg,Kaggle,low DPI: 72
low_potential_342.jpg,Kaggle,low DPI: 72
low_potential_343.jpg,Kaggle,low DPI: 72
low_potential_344.jpg,Kaggle,low DPI: 72
low_potential_345.jpg,Kaggle,low DPI: 72
low_potential_346.jpg,Kaggle,low DPI: 72
low_potential_347.jpg,Kaggle,low DPI: 72
low_potential_348.jpg,Kaggle,low DPI: 72
low_potential_349.jpg,Kaggle,low DPI: 72
low_potential_350.jpg,Kaggle,low DPI: 72
low_potential_351.jpg,Kaggle,low DPI: 72
low_potential_352.jpg,Kaggle,low DPI: 72
low_potential_353.jpg,Kaggle,low DPI: 72
low_potential_354.jpg,Kaggle,low DPI: 72
low_potential_355.jpg,Kaggle,low DPI: 72
low_potential_356.jpg,Kaggle,low DPI: 72
low_potential_357.jpg,Kaggle,low DPI: 72
low_potential_358.jpg,Kaggle,low DPI: 72
low_potential_359.jpg,Kaggle,low DPI: 72
low_potential_360.jpg,Kaggle,low DPI: 72
low_potential_361.jpg,Kaggle,low DPI: 72
low_potential_362.jpg,Kaggle,low DPI: 72
low_potential_363.jpg,Kaggle,low DPI: 72
low_potential_364.jpg,Kaggle,low DPI: 72
low_potential_365.jpg,Kaggle,low DPI: 72
low_potential_366.jpg,Kaggle,low DPI: 72
low_potential_367.jpg,Kaggle,low DPI: 72
low_potential_368.jpg,Kaggle,low DPI: 72
low_potential_369.jpg,Kaggle,low DPI: 72
low_potential_370.jpg,Kaggle,low DPI: 72
low_potential_371.jpg,Kaggle,low DPI: 72
low_potential_372.jpg,Kaggle,low DPI: 72
low_potential_373.jpg,Kaggle,low DPI: 72
low_potential_374.jpg,Kaggle,low DPI: 72
low_potential_375.jpg,Kaggle,low DPI: 72
low_potential_376.jpg,Kaggle,low DPI: 72
low_potential_377.jpg,Kaggle,low DPI: 72
low_potential_378.jpg,Kaggle,low DPI: 72
low_potential_379.jpg,Kaggle,low DPI: 72
low_potential_380.jpg,Kaggle,low DPI: 72
low_potential_381.jpg,Kaggle,low DPI: 72
low_potential_382.jpg,Kaggle,low DPI: 72
low_potential_383.jpg,Kaggle,low DPI: 72
low_potential_384.jpg,Kaggle,low DPI: 72
low_potential_385.jpg,Kaggle,low DPI: 72
low_potential_386.jpg,Kaggle,low DPI: 72
low_potential_387.jpg,Kaggle,low DPI: 72
low_potential_388.jpg,Kaggle,low DPI: 72
low_potential_389.jpg,Kaggle,low DPI: 72
low_potential_390.jpg,Kaggle,low DPI: 72
low_potential_391.jpg,Kaggle,low DPI: 72
low_potential_392.jpg,Kaggle,low DPI: 72
low_potential_393.jpg,Kaggle,low DPI: 72
low_potential_394.jpg,Kaggle,low DPI: 72
low_potential_395.jpg,Kaggle,low DPI: 72
low_potential_396.jpg,Kaggle,low DPI: 72
low_potential_397.jpg,Kaggle,low DPI: 72
low_potential_398.jpg,Kaggle,low DPI: 72
low_potential_399.jpg,Kaggle,low DPI: 72
low_potential_400.jpg,Kaggle,low DPI: 72
low_potential_401.jpg,Kaggle,low DPI: 72
low_potential_402.jpg,Kaggle,low DPI: 72
low_potential_403.jpg,Kaggle,low DPI: 72
low_potential_404.jpg,Kaggle,low DPI: 72
low_potential_405.jpg,Kaggle,low DPI: 72
low_potential_406.jpg,Kaggle,low DPI: 72
low_potential_407.jpg,Kaggle,low DPI: 72
low_potential_408.jpg,Kaggle,low DPI: 72
low_potential_409.jpg,Kaggle,low DPI: 72
low_potential_410.jpg,Kaggle,low DPI: 72
low_potential_411.jpg,Kaggle,low DPI: 72
low_potential_412.jpg,Kaggle,low DPI: 72
low_potential_413.jpg,Kaggle,low DPI: 72
low_potential_414.jpg,Kaggle,low DPI: 72
low_potential_415.jpg,Kaggle,low DPI: 72
low_potential_416.jpg,Kaggle,low DPI: 72
low_potential_417.jpg,Kaggle,low DPI: 72
high_potential_088.jpg,Kaggle,possibly blurry or low contrast
high_potential_406.jpg,Kaggle,possibly blurry or low contrast
high_potential_392.jpg,Kaggle,possibly blurry or low contrast
low_potential_321.jpg,Kaggle,possibly blurry or low contrast
low_potential_375.jpg,Kaggle,possibly blurry or low contrast
high_potential_025.jpg,Kaggle,possibly blurry or low contrast
low_potential_291.jpg,Kaggle,possibly blurry or low contrast
high_potential_225.jpg,Kaggle,possibly blurry or low contrast
corrected_353.jpg,Kaggle,possibly blurry or low contrast
corrected_066.jpg,Kaggle,possibly blurry or low contrast
corrected_355.jpg,Kaggle,possibly blurry or low contrast
high_potential_405.jpg,Kaggle,possibly blurry or low contrast
high_potential_329.jpg,Kaggle,possibly blurry or low contrast
low_potential_295.jpg,Kaggle,possibly blurry or low contrast
low_potential_380.jpg,Kaggle,possibly blurry or low contrast
low_potential_308.jpg,Kaggle,possibly blurry or low contrast
low_potential_333.jpg,Kaggle,possibly blurry or low contrast
low_potential_392.jpg,Kaggle,possibly blurry or low contrast
corrected_394.jpg,Kaggle,possibly blurry or low contrast
high_potential_026.jpg,Kaggle,possibly blurry or low contrast
corrected_300.jpg,Kaggle,possibly blurry or low contrast
high_potential_236.jpg,Kaggle,possibly blurry or low contrast
high_potential_256.jpg,Kaggle,possibly blurry or low contrast
low_potential_217.jpg,Kaggle,possibly blurry or low contrast
corrected_009.jpg,Kaggle,possibly blurry or low contrast
low_potential_369.jpg,Kaggle,possibly blurry or low contrast
low_potential_072.jpg,Kaggle,possibly blurry or low contrast
low_potential_161.jpg,Kaggle,possibly blurry or low contrast
high_potential_371.jpg,Kaggle,possibly blurry or low contrast
high_potential_283.jpg,Kaggle,possibly blurry or low contrast
high_potential_016.jpg,Kaggle,possibly blurry or low contrast
low_potential_168.jpg,Kaggle,possibly blurry or low contrast
high_potential_020.jpg,Kaggle,possibly blurry or low contrast
low_potential_079.jpg,Kaggle,possibly blurry or low contrast
low_potential_357.jpg,Kaggle,possibly blurry or low contrast
high_potential_363.jpg,Kaggle,possibly blurry or low contrast
high_potential_279.jpg,Kaggle,possibly blurry or low contrast
high_potential_382.jpg,Kaggle,possibly blurry or low contrast
corrected_299.jpg,Kaggle,possibly blurry or low contrast
low_potential_301.jpg,Kaggle,possibly blurry or low contrast
high_potential_285.jpg,Kaggle,possibly blurry or low contrast
corrected_247.jpg,Kaggle,possibly blurry or low contrast
high_potential_333.jpg,Kaggle,possibly blurry or low contrast
corrected_032.jpg,Kaggle,possibly blurry or low contrast
high_potential_207.jpg,Kaggle,possibly blurry or low contrast
high_potential_403.jpg,Kaggle,possibly blurry or low contrast
low_potential_302.jpg,Kaggle,possibly blurry or low contrast
corrected_001.jpg,Kaggle,possibly blurry or low contrast
high_potential_192.jpg,Kaggle,possibly blurry or low contrast
high_potential_029.jpg,Kaggle,possibly blurry or low contrast
low_potential_119.jpg,Kaggle,possibly blurry or low contrast
high_potential_267.jpg,Kaggle,possibly blurry or low contrast
high_potential_321.jpg,Kaggle,possibly blurry or low contrast
high_potential_415.jpg,Kaggle,possibly blurry or low contrast
corrected_267.jpg,Kaggle,possibly blurry or low contrast
high_potential_219.jpg,Kaggle,possibly blurry or low contrast
corrected_418.jpg,Kaggle,possibly blurry or low contrast
low_potential_289.jpg,Kaggle,possibly blurry or low contrast
high_potential_057.jpg,Kaggle,possibly blurry or low contrast
corrected_314.jpg,Kaggle,possibly blurry or low contrast
corrected_372.jpg,Kaggle,possibly blurry or low contrast
low_potential_347.jpg,Kaggle,possibly blurry or low contrast
corrected_266.jpg,Kaggle,possibly blurry or low contrast
low_potential_154.jpg,Kaggle,possibly blurry or low contrast
high_potential_093.jpg,Kaggle,possibly blurry or low contrast
low_potential_337.jpg,Kaggle,possibly blurry or low contrast
low_potential_203.jpg,Kaggle,possibly blurry or low contrast
corrected_273.jpg,Kaggle,possibly blurry or low contrast
high_potential_045.jpg,Kaggle,possibly blurry or low contrast
low_potential_235.jpg,Kaggle,possibly blurry or low contrast
high_potential_113.jpg,Kaggle,possibly blurry or low contrast
corrected_334.jpg,Kaggle,possibly blurry or low contrast
corrected_007.jpg,Kaggle,possibly blurry or low contrast
low_potential_004.jpg,Kaggle,possibly blurry or low contrast
high_potential_316.jpg,Kaggle,possibly blurry or low contrast
low_potential_157.jpg,Kaggle,possibly blurry or low contrast
high_potential_203.jpg,Kaggle,possibly blurry or low contrast
low_potential_317.jpg,Kaggle,possibly blurry or low contrast
corrected_030.jpg,Kaggle,possibly blurry or low contrast
corrected_019.jpg,Kaggle,possibly blurry or low contrast
corrected_369.jpg,Kaggle,possibly blurry or low contrast
low_potential_190.jpg,Kaggle,possibly blurry or low contrast
low_potential_412.jpg,Kaggle,possibly blurry or low contrast
low_potential_340.jpg,Kaggle,possibly blurry or low contrast
low_potential_343.jpg,Kaggle,possibly blurry or low contrast
high_potential_126.jpg,Kaggle,possibly blurry or low contrast
corrected_341.jpg,Kaggle,possibly blurry or low contrast
low_potential_008.jpg,Kaggle,possibly blurry or low contrast
low_potential_252.jpg,Kaggle,possibly blurry or low contrast
low_potential_109.jpg,Kaggle,possibly blurry or low contrast
corrected_328.jpg,Kaggle,possibly blurry or low contrast
high_potential_121.jpg,Kaggle,possibly blurry or low contrast
high_potential_255.jpg,Kaggle,possibly blurry or low contrast
low_potential_083.jpg,Kaggle,possibly blurry or low contrast
high_potential_295.jpg,Kaggle,possibly blurry or low contrast
low_potential_089.jpg,Kaggle,possibly blurry or low contrast
high_potential_115.jpg,Kaggle,possibly blurry or low contrast
high_potential_276.jpg,Kaggle,FLAG: blank or corrupted
